Name,Land_Use,SUDS,Results
Stone_Paver_s23,Stone_Paver,Permeable_Pavement,0
Stone_Paver_s24,Stone_Paver,Permeable_Pavement,0
Vegetation_s97,Vegetation,Rain_Garden,0
Vegetation_s98,Vegetation,Rain_Garden,0
Vegetation_s99,Vegetation,Rain_Garden,0
Stone_Paver_s100,Stone_Paver,Permeable_Pavement,1
Roof_s101,Roof,Green_Roof,1
Roof_s170,Roof,Green_Roof,0
Vegetation_s171,Vegetation,Rain_Garden,1
Stone_Paver_s172,Stone_Paver,Permeable_Pavement,1
Stone_Paver_s173,Stone_Paver,Permeable_Pavement,1
Stone_Paver_s174,Stone_Paver,Permeable_Pavement,1
Stone_Paver_s237,Stone_Paver,Permeable_Pavement,1
Vegetation_s244,Vegetation,Rain_Garden,1
Vegetation_s245,Vegetation,Rain_Garden,1
Stone_Paver_s246,Stone_Paver,Permeable_Pavement,1
Vegetation_s308,Vegetation,Rain_Garden,1
Vegetation_s309,Vegetation,Rain_Garden,0
Vegetation_s310,Vegetation,Rain_Garden,1
Vegetation_s311,Vegetation,Rain_Garden,1
Vegetation_s312,Vegetation,Rain_Garden,1
Vegetation_s313,Vegetation,Rain_Garden,0
Vegetation_s314,Vegetation,Rain_Garden,0
Vegetation_s315,Vegetation,Rain_Garden,1
Vegetation_s318,Vegetation,Rain_Garden,1
Vegetation_s319,Vegetation,Rain_Garden,0
Vegetation_s380,Vegetation,Rain_Garden,1
Vegetation_s381,Vegetation,Rain_Garden,0
Vegetation_s382,Vegetation,Rain_Garden,0
Street_s383,Street,Permeable_Pavement,1
Vegetation_s384,Vegetation,Rain_Garden,0
Vegetation_s385,Vegetation,Rain_Garden,1
Vegetation_s386,Vegetation,Rain_Garden,1
Street_s387,Street,Permeable_Pavement,1
Street_s388,Street,Permeable_Pavement,1
Vegetation_s390,Vegetation,Rain_Garden,1
Roof_s392,Roof,Green_Roof,1
Vegetation_s452,Vegetation,Rain_Garden,1
Vegetation_s453,Vegetation,Rain_Garden,1
Vegetation_s454,Vegetation,Rain_Garden,1
Street_s455,Street,Permeable_Pavement,0
Street_s456,Street,Permeable_Pavement,1
Street_s457,Street,Permeable_Pavement,1
Street_s458,Street,Permeable_Pavement,1
Street_s459,Street,Permeable_Pavement,0
Street_s460,Street,Permeable_Pavement,1
Street_s461,Street,Permeable_Pavement,1
Street_s462,Street,Permeable_Pavement,0
Street_s463,Street,Permeable_Pavement,0
Street_s469,Street,Permeable_Pavement,0
Vegetation_s470,Vegetation,Rain_Garden,0
Vegetation_s471,Vegetation,Rain_Garden,0
Vegetation_s472,Vegetation,Rain_Garden,0
Roof_s473,Roof,Green_Roof,1
Vegetation_s526,Vegetation,Rain_Garden,0
Vegetation_s527,Vegetation,Rain_Garden,0
Street_s529,Street,Permeable_Pavement,1
Vegetation_s530,Vegetation,Rain_Garden,0
Vegetation_s531,Vegetation,Rain_Garden,0
Vegetation_s532,Vegetation,Rain_Garden,0
Roof_s533,Roof,Green_Roof,0
Vegetation_s534,Vegetation,Rain_Garden,1
Street_s536,Street,Permeable_Pavement,0
Street_s537,Street,Permeable_Pavement,1
Street_s541,Street,Permeable_Pavement,0
Vegetation_s542,Vegetation,Rain_Garden,1
Vegetation_s543,Vegetation,Rain_Garden,1
Vegetation_s544,Vegetation,Rain_Garden,1
Roof_s545,Roof,Green_Roof,0
Street_s546,Street,Permeable_Pavement,0
Roof_s602,Roof,Green_Roof,1
Roof_s603,Roof,Green_Roof,0
Roof_s604,Roof,Green_Roof,0
Roof_s605,Roof,Green_Roof,1
Roof_s607,Roof,Green_Roof,0
Street_s610,Street,Permeable_Pavement,1
Street_s611,Street,Permeable_Pavement,1
Street_s613,Street,Permeable_Pavement,1
Street_s614,Street,Permeable_Pavement,1
Vegetation_s615,Vegetation,Rain_Garden,0
Roof_s617,Roof,Green_Roof,1
Roof_s623,Roof,Green_Roof,0
Vegetation_s684,Vegetation,Rain_Garden,1
Street_s685,Street,Permeable_Pavement,0
Vegetation_s686,Vegetation,Rain_Garden,0
Vegetation_s687,Vegetation,Rain_Garden,0
Vegetation_s694,Vegetation,Rain_Garden,1
Roof_s695,Roof,Green_Roof,0
Vegetation_s696,Vegetation,Rain_Garden,0
Stone_Paver_s697,Stone_Paver,Permeable_Pavement,1
Stone_Paver_s698,Stone_Paver,Permeable_Pavement,0
Roof_s757,Roof,Green_Roof,0
Roof_s767,Roof,Green_Roof,1
Vegetation_s768,Vegetation,Rain_Garden,0
Stone_Paver_s769,Stone_Paver,Permeable_Pavement,1
Stone_Paver_s770,Stone_Paver,Permeable_Pavement,0
Stone_Paver_s771,Stone_Paver,Permeable_Pavement,1
Stone_Paver_s772,Stone_Paver,Permeable_Pavement,1
Roof_s840,Roof,Green_Roof,0
Vegetation_s841,Vegetation,Rain_Garden,0
Roof_s842,Roof,Green_Roof,0
Roof_s843,Roof,Green_Roof,0
Stone_Paver_s844,Stone_Paver,Permeable_Pavement,0
Roof_s845,Roof,Green_Roof,0
Street_s908,Street,Permeable_Pavement,0
Vegetation_s913,Vegetation,Rain_Garden,0
Roof_s914,Roof,Green_Roof,1
Roof_s915,Roof,Green_Roof,1
Roof_s917,Roof,Green_Roof,0
Vegetation_s985,Vegetation,Rain_Garden,0
Vegetation_s986,Vegetation,Rain_Garden,1
Roof_s987,Roof,Green_Roof,0
Vegetation_s1037,Vegetation,Rain_Garden,1
Roof_s1041,Roof,Green_Roof,1
Vegetation_s1042,Vegetation,Rain_Garden,1
Vegetation_s1043,Vegetation,Rain_Garden,1
Roof_s1044,Roof,Green_Roof,0
Vegetation_s1046,Vegetation,Rain_Garden,0
Street_s1053,Street,Permeable_Pavement,1
Vegetation_s1058,Vegetation,Rain_Garden,1
Street_s1059,Street,Permeable_Pavement,0
Vegetation_s1109,Vegetation,Rain_Garden,0
Vegetation_s1110,Vegetation,Rain_Garden,1
Vegetation_s1111,Vegetation,Rain_Garden,1
Vegetation_s1112,Vegetation,Rain_Garden,0
Street_s1113,Street,Permeable_Pavement,0
Street_s1114,Street,Permeable_Pavement,1
Street_s1115,Street,Permeable_Pavement,0
Street_s1116,Street,Permeable_Pavement,1
Street_s1117,Street,Permeable_Pavement,0
Vegetation_s1118,Vegetation,Rain_Garden,1
Roof_s1119,Roof,Green_Roof,1
Vegetation_s1130,Vegetation,Rain_Garden,0
Street_s1131,Street,Permeable_Pavement,0
Street_s1132,Street,Permeable_Pavement,1
Vegetation_s1181,Vegetation,Rain_Garden,1
Vegetation_s1182,Vegetation,Rain_Garden,0
Street_s1183,Street,Permeable_Pavement,1
Street_s1184,Street,Permeable_Pavement,0
Street_s1185,Street,Permeable_Pavement,1
Street_s1186,Street,Permeable_Pavement,1
Street_s1189,Street,Permeable_Pavement,0
Street_s1190,Street,Permeable_Pavement,1
Street_s1191,Street,Permeable_Pavement,0
Vegetation_s1192,Vegetation,Rain_Garden,1
Roof_s1193,Roof,Green_Roof,0
Vegetation_s1195,Vegetation,Rain_Garden,0
Roof_s1203,Roof,Green_Roof,1
Roof_s1205,Roof,Green_Roof,1
Vegetation_s1252,Vegetation,Rain_Garden,1
Vegetation_s1253,Vegetation,Rain_Garden,0
Vegetation_s1254,Vegetation,Rain_Garden,0
Street_s1255,Street,Permeable_Pavement,1
Street_s1256,Street,Permeable_Pavement,1
Vegetation_s1257,Vegetation,Rain_Garden,0
Vegetation_s1258,Vegetation,Rain_Garden,0
Vegetation_s1259,Vegetation,Rain_Garden,0
Vegetation_s1260,Vegetation,Rain_Garden,0
Street_s1264,Street,Permeable_Pavement,1
Street_s1265,Street,Permeable_Pavement,1
Street_s1266,Street,Permeable_Pavement,1
Vegetation_s1267,Vegetation,Rain_Garden,0
Roof_s1268,Roof,Green_Roof,0
Vegetation_s1270,Vegetation,Rain_Garden,0
Vegetation_s1271,Vegetation,Rain_Garden,0
Vegetation_s1272,Vegetation,Rain_Garden,0
Street_s1281,Street,Permeable_Pavement,0
Street_s1292,Street,Permeable_Pavement,0
Vegetation_s1293,Vegetation,Rain_Garden,0
Vegetation_s1294,Vegetation,Rain_Garden,0
Vegetation_s1324,Vegetation,Rain_Garden,0
Vegetation_s1325,Vegetation,Rain_Garden,1
Street_s1326,Street,Permeable_Pavement,0
Street_s1327,Street,Permeable_Pavement,0
Stone_Paver_s1328,Stone_Paver,Permeable_Pavement,0
Vegetation_s1329,Vegetation,Rain_Garden,0
Vegetation_s1330,Vegetation,Rain_Garden,1
Vegetation_s1331,Vegetation,Rain_Garden,1
Vegetation_s1332,Vegetation,Rain_Garden,0
Street_s1338,Street,Permeable_Pavement,0
Street_s1339,Street,Permeable_Pavement,1
Street_s1340,Street,Permeable_Pavement,1
Roof_s1343,Roof,Green_Roof,1
Vegetation_s1344,Vegetation,Rain_Garden,0
Vegetation_s1345,Vegetation,Rain_Garden,0
Street_s1352,Street,Permeable_Pavement,0
Roof_s1353,Roof,Green_Roof,0
Roof_s1354,Roof,Green_Roof,0
Vegetation_s1359,Vegetation,Rain_Garden,0
Vegetation_s1360,Vegetation,Rain_Garden,0
Street_s1365,Street,Permeable_Pavement,1
Vegetation_s1366,Vegetation,Rain_Garden,0
Vegetation_s1367,Vegetation,Rain_Garden,0
Stone_Paver_s1368,Stone_Paver,Permeable_Pavement,1
Vegetation_s1397,Vegetation,Rain_Garden,0
Street_s1398,Street,Permeable_Pavement,1
Street_s1399,Street,Permeable_Pavement,1
Stone_Paver_s1400,Stone_Paver,Permeable_Pavement,0
Roof_s1401,Roof,Green_Roof,0
Vegetation_s1402,Vegetation,Rain_Garden,1
Vegetation_s1403,Vegetation,Rain_Garden,0
Vegetation_s1412,Vegetation,Rain_Garden,1
Street_s1413,Street,Permeable_Pavement,1
Street_s1414,Street,Permeable_Pavement,1
Street_s1415,Street,Permeable_Pavement,1
Vegetation_s1416,Vegetation,Rain_Garden,0
Roof_s1417,Roof,Green_Roof,1
Roof_s1418,Roof,Green_Roof,0
Vegetation_s1419,Vegetation,Rain_Garden,1
Street_s1431,Street,Permeable_Pavement,0
Street_s1432,Street,Permeable_Pavement,0
Vegetation_s1433,Vegetation,Rain_Garden,0
Vegetation_s1439,Vegetation,Rain_Garden,0
Roof_s1440,Roof,Green_Roof,0
Stone_Paver_s1441,Stone_Paver,Permeable_Pavement,1
Stone_Paver_s1442,Stone_Paver,Permeable_Pavement,0
Stone_Paver_s1443,Stone_Paver,Permeable_Pavement,1
Roof_s1467,Roof,Green_Roof,0
Vegetation_s1468,Vegetation,Rain_Garden,1
Vegetation_s1469,Vegetation,Rain_Garden,0
Street_s1470,Street,Permeable_Pavement,0
Street_s1471,Street,Permeable_Pavement,1
Stone_Paver_s1473,Stone_Paver,Permeable_Pavement,1
Roof_s1474,Roof,Green_Roof,1
Stone_Paver_s1475,Stone_Paver,Permeable_Pavement,0
Vegetation_s1476,Vegetation,Rain_Garden,0
Vegetation_s1477,Vegetation,Rain_Garden,0
Vegetation_s1485,Vegetation,Rain_Garden,0
Vegetation_s1486,Vegetation,Rain_Garden,0
Street_s1488,Street,Permeable_Pavement,1
Street_s1489,Street,Permeable_Pavement,0
Street_s1490,Street,Permeable_Pavement,1
Vegetation_s1491,Vegetation,Rain_Garden,1
Vegetation_s1492,Vegetation,Rain_Garden,1
Roof_s1504,Roof,Green_Roof,1
Street_s1505,Street,Permeable_Pavement,0
Street_s1506,Street,Permeable_Pavement,0
Vegetation_s1512,Vegetation,Rain_Garden,0
Stone_Paver_s1513,Stone_Paver,Permeable_Pavement,0
Roof_s1514,Roof,Green_Roof,1
Stone_Paver_s1515,Stone_Paver,Permeable_Pavement,0
Roof_s1516,Roof,Green_Roof,1
Roof_s1517,Roof,Green_Roof,1
Vegetation_s1541,Vegetation,Rain_Garden,0
Street_s1542,Street,Permeable_Pavement,0
Vegetation_s1558,Vegetation,Rain_Garden,1
Street_s1562,Street,Permeable_Pavement,0
Street_s1563,Street,Permeable_Pavement,1
Street_s1564,Street,Permeable_Pavement,0
Vegetation_s1565,Vegetation,Rain_Garden,1
Vegetation_s1566,Vegetation,Rain_Garden,0
Roof_s1578,Roof,Green_Roof,0
Vegetation_s1579,Vegetation,Rain_Garden,0
Street_s1580,Street,Permeable_Pavement,0
Roof_s1585,Roof,Green_Roof,1
Stone_Paver_s1586,Stone_Paver,Permeable_Pavement,0
Roof_s1587,Roof,Green_Roof,0
Stone_Paver_s1588,Stone_Paver,Permeable_Pavement,0
Roof_s1589,Roof,Green_Roof,0
Roof_s1590,Roof,Green_Roof,0
Vegetation_s1609,Vegetation,Rain_Garden,0
Vegetation_s1611,Vegetation,Rain_Garden,0
Vegetation_s1612,Vegetation,Rain_Garden,1
Street_s1613,Street,Permeable_Pavement,0
Street_s1614,Street,Permeable_Pavement,0
Street_s1635,Street,Permeable_Pavement,0
Street_s1638,Street,Permeable_Pavement,0
Street_s1639,Street,Permeable_Pavement,0
Roof_s1652,Roof,Green_Roof,0
Roof_s1653,Roof,Green_Roof,0
Street_s1654,Street,Permeable_Pavement,1
Stone_Paver_s1661,Stone_Paver,Permeable_Pavement,0
Roof_s1662,Roof,Green_Roof,1
Roof_s1663,Roof,Green_Roof,0
Stone_Paver_s1667,Stone_Paver,Permeable_Pavement,0
Vegetation_s1680,Vegetation,Rain_Garden,0
Vegetation_s1681,Vegetation,Rain_Garden,0
Vegetation_s1682,Vegetation,Rain_Garden,1
Vegetation_s1683,Vegetation,Rain_Garden,0
Vegetation_s1684,Vegetation,Rain_Garden,1
Street_s1685,Street,Permeable_Pavement,1
Street_s1686,Street,Permeable_Pavement,0
Street_s1708,Street,Permeable_Pavement,0
Vegetation_s1712,Vegetation,Rain_Garden,1
Street_s1714,Street,Permeable_Pavement,0
Vegetation_s1715,Vegetation,Rain_Garden,0
Vegetation_s1724,Vegetation,Rain_Garden,0
Street_s1725,Street,Permeable_Pavement,0
Roof_s1726,Roof,Green_Roof,1
Street_s1727,Street,Permeable_Pavement,0
Vegetation_s1728,Vegetation,Rain_Garden,0
Roof_s1736,Roof,Green_Roof,1
Stone_Paver_s1740,Stone_Paver,Permeable_Pavement,0
Roof_s1741,Roof,Green_Roof,1
Roof_s1742,Roof,Green_Roof,0
Street_s1752,Street,Permeable_Pavement,0
Street_s1753,Street,Permeable_Pavement,0
Vegetation_s1754,Vegetation,Rain_Garden,0
Vegetation_s1755,Vegetation,Rain_Garden,0
Vegetation_s1756,Vegetation,Rain_Garden,0
Street_s1757,Street,Permeable_Pavement,0
Street_s1758,Street,Permeable_Pavement,0
Street_s1781,Street,Permeable_Pavement,0
Street_s1782,Street,Permeable_Pavement,0
Roof_s1785,Roof,Green_Roof,0
Street_s1788,Street,Permeable_Pavement,0
Vegetation_s1797,Vegetation,Rain_Garden,0
Vegetation_s1798,Vegetation,Rain_Garden,0
Vegetation_s1799,Vegetation,Rain_Garden,0
Street_s1800,Street,Permeable_Pavement,0
Vegetation_s1801,Vegetation,Rain_Garden,0
Stone_Paver_s1808,Stone_Paver,Permeable_Pavement,0
Roof_s1809,Roof,Green_Roof,0
Roof_s1813,Roof,Green_Roof,0
Stone_Paver_s1814,Stone_Paver,Permeable_Pavement,0
Roof_s1815,Roof,Green_Roof,0
Stone_Paver_s1816,Stone_Paver,Permeable_Pavement,0
Street_s1826,Street,Permeable_Pavement,0
Street_s1827,Street,Permeable_Pavement,0
Street_s1828,Street,Permeable_Pavement,0
Street_s1829,Street,Permeable_Pavement,0
Street_s1855,Street,Permeable_Pavement,1
Street_s1856,Street,Permeable_Pavement,0
Vegetation_s1870,Vegetation,Rain_Garden,0
Vegetation_s1871,Vegetation,Rain_Garden,0
Street_s1872,Street,Permeable_Pavement,0
Street_s1873,Street,Permeable_Pavement,0
Street_s1874,Street,Permeable_Pavement,0
Roof_s1881,Roof,Green_Roof,0
Stone_Paver_s1886,Stone_Paver,Permeable_Pavement,0
Stone_Paver_s1887,Stone_Paver,Permeable_Pavement,0
Stone_Paver_s1888,Stone_Paver,Permeable_Pavement,0
Stone_Paver_s1889,Stone_Paver,Permeable_Pavement,0
Street_s1900,Street,Permeable_Pavement,0
Street_s1901,Street,Permeable_Pavement,0
Vegetation_s1927,Vegetation,Rain_Garden,0
Vegetation_s1928,Vegetation,Rain_Garden,0
Street_s1929,Street,Permeable_Pavement,0
Street_s1930,Street,Permeable_Pavement,1
Vegetation_s1942,Vegetation,Rain_Garden,0
Roof_s1943,Roof,Green_Roof,0
Vegetation_s1944,Vegetation,Rain_Garden,0
Street_s1945,Street,Permeable_Pavement,0
Street_s1948,Street,Permeable_Pavement,0
Street_s1949,Street,Permeable_Pavement,0
Roof_s1958,Roof,Green_Roof,0
Roof_s1959,Roof,Green_Roof,0
Stone_Paver_s1960,Stone_Paver,Permeable_Pavement,0
Stone_Paver_s1961,Stone_Paver,Permeable_Pavement,0
Vegetation_s1962,Vegetation,Rain_Garden,0
Roof_s1964,Roof,Green_Roof,1
Vegetation_s1965,Vegetation,Rain_Garden,0
Street_s1966,Street,Permeable_Pavement,0
Street_s1973,Street,Permeable_Pavement,0
Vegetation_s2000,Vegetation,Rain_Garden,0
Vegetation_s2001,Vegetation,Rain_Garden,0
Street_s2002,Street,Permeable_Pavement,0
Street_s2003,Street,Permeable_Pavement,0
Vegetation_s2014,Vegetation,Rain_Garden,0
Roof_s2015,Roof,Green_Roof,0
Vegetation_s2016,Vegetation,Rain_Garden,1
Street_s2017,Street,Permeable_Pavement,0
Street_s2022,Street,Permeable_Pavement,0
Street_s2023,Street,Permeable_Pavement,0
Vegetation_s2027,Vegetation,Rain_Garden,0
Roof_s2032,Roof,Green_Roof,0
Roof_s2033,Roof,Green_Roof,0
Vegetation_s2034,Vegetation,Rain_Garden,0
Roof_s2035,Roof,Green_Roof,0
Roof_s2036,Roof,Green_Roof,0
Roof_s2037,Roof,Green_Roof,0
Street_s2038,Street,Permeable_Pavement,0
Vegetation_s2073,Vegetation,Rain_Garden,0
Vegetation_s2074,Vegetation,Rain_Garden,0
Vegetation_s2075,Vegetation,Rain_Garden,0
Street_s2076,Street,Permeable_Pavement,0
Roof_s2087,Roof,Green_Roof,0
Vegetation_s2088,Vegetation,Rain_Garden,0
Street_s2089,Street,Permeable_Pavement,0
Street_s2090,Street,Permeable_Pavement,0
Street_s2097,Street,Permeable_Pavement,0
Street_s2098,Street,Permeable_Pavement,0
Vegetation_s2099,Vegetation,Rain_Garden,0
Roof_s2100,Roof,Green_Roof,0
Roof_s2109,Roof,Green_Roof,0
Street_s2110,Street,Permeable_Pavement,0
Street_s2111,Street,Permeable_Pavement,0
Vegetation_s2146,Vegetation,Rain_Garden,0
Roof_s2147,Roof,Green_Roof,0
Vegetation_s2148,Vegetation,Rain_Garden,0
Street_s2149,Street,Permeable_Pavement,0
Roof_s2160,Roof,Green_Roof,0
Street_s2161,Street,Permeable_Pavement,0
Street_s2162,Street,Permeable_Pavement,0
Street_s2171,Street,Permeable_Pavement,0
Street_s2172,Street,Permeable_Pavement,0
Vegetation_s2173,Vegetation,Rain_Garden,0
Roof_s2174,Roof,Green_Roof,1
Vegetation_s2182,Vegetation,Rain_Garden,0
Street_s2183,Street,Permeable_Pavement,0
Vegetation_s2221,Vegetation,Rain_Garden,0
Street_s2222,Street,Permeable_Pavement,0
Street_s2223,Street,Permeable_Pavement,0
Vegetation_s2233,Vegetation,Rain_Garden,1
Street_s2234,Street,Permeable_Pavement,0
Vegetation_s2237,Vegetation,Rain_Garden,1
Street_s2246,Street,Permeable_Pavement,1
Street_s2247,Street,Permeable_Pavement,1
Street_s2255,Street,Permeable_Pavement,1
Vegetation_s2294,Vegetation,Rain_Garden,1
Street_s2295,Street,Permeable_Pavement,0
Street_s2296,Street,Permeable_Pavement,0
Vegetation_s2306,Vegetation,Rain_Garden,1
Street_s2307,Street,Permeable_Pavement,0
Vegetation_s2308,Vegetation,Rain_Garden,0
Street_s2310,Street,Permeable_Pavement,0
Vegetation_s2311,Vegetation,Rain_Garden,0
Street_s2321,Street,Permeable_Pavement,1
Street_s2322,Street,Permeable_Pavement,1
Vegetation_s2323,Vegetation,Rain_Garden,1
Roof_s2324,Roof,Green_Roof,0
Street_s2328,Street,Permeable_Pavement,0
Vegetation_s2367,Vegetation,Rain_Garden,0
Street_s2368,Street,Permeable_Pavement,1
Street_s2369,Street,Permeable_Pavement,1
Vegetation_s2379,Vegetation,Rain_Garden,0
Street_s2380,Street,Permeable_Pavement,0
Vegetation_s2381,Vegetation,Rain_Garden,1
Vegetation_s2382,Vegetation,Rain_Garden,1
Street_s2384,Street,Permeable_Pavement,0
Vegetation_s2386,Vegetation,Rain_Garden,0
Street_s2395,Street,Permeable_Pavement,1
Street_s2396,Street,Permeable_Pavement,1
Vegetation_s2397,Vegetation,Rain_Garden,0
Street_s2400,Street,Permeable_Pavement,1
Roof_s2401,Roof,Green_Roof,1
Vegetation_s2440,Vegetation,Rain_Garden,1
Street_s2441,Street,Permeable_Pavement,1
Street_s2442,Street,Permeable_Pavement,0
Vegetation_s2452,Vegetation,Rain_Garden,1
Street_s2453,Street,Permeable_Pavement,0
Vegetation_s2454,Vegetation,Rain_Garden,1
Street_s2459,Street,Permeable_Pavement,0
Street_s2469,Street,Permeable_Pavement,1
Vegetation_s2470,Vegetation,Rain_Garden,0
Vegetation_s2474,Vegetation,Rain_Garden,0
Vegetation_s2513,Vegetation,Rain_Garden,0
Street_s2514,Street,Permeable_Pavement,0
Street_s2515,Street,Permeable_Pavement,1
Vegetation_s2525,Vegetation,Rain_Garden,0
Street_s2526,Street,Permeable_Pavement,1
Vegetation_s2527,Vegetation,Rain_Garden,1
Street_s2542,Street,Permeable_Pavement,1
Street_s2543,Street,Permeable_Pavement,0
Street_s2544,Street,Permeable_Pavement,0
Roof_s2547,Roof,Green_Roof,1
Vegetation_s2586,Vegetation,Rain_Garden,1
Street_s2587,Street,Permeable_Pavement,0
Street_s2588,Street,Permeable_Pavement,0
Vegetation_s2589,Vegetation,Rain_Garden,1
Roof_s2613,Roof,Green_Roof,1
Street_s2614,Street,Permeable_Pavement,0
Street_s2615,Street,Permeable_Pavement,1
Street_s2616,Street,Permeable_Pavement,1
Street_s2617,Street,Permeable_Pavement,1
Vegetation_s2618,Vegetation,Rain_Garden,1
Roof_s2659,Roof,Green_Roof,1
Vegetation_s2660,Vegetation,Rain_Garden,0
Street_s2661,Street,Permeable_Pavement,1
Street_s2675,Street,Permeable_Pavement,0
Roof_s2676,Roof,Green_Roof,0
Street_s2687,Street,Permeable_Pavement,1
Street_s2688,Street,Permeable_Pavement,0
Street_s2690,Street,Permeable_Pavement,1
Vegetation_s2732,Vegetation,Rain_Garden,0
Vegetation_s2733,Vegetation,Rain_Garden,1
Street_s2734,Street,Permeable_Pavement,1
Street_s2746,Street,Permeable_Pavement,1
Vegetation_s2747,Vegetation,Rain_Garden,0
Vegetation_s2748,Vegetation,Rain_Garden,0
Street_s2749,Street,Permeable_Pavement,1
Roof_s2750,Roof,Green_Roof,0
Street_s2759,Street,Permeable_Pavement,1
Roof_s2805,Roof,Green_Roof,1
Vegetation_s2806,Vegetation,Rain_Garden,0
Street_s2807,Street,Permeable_Pavement,0
Street_s2808,Street,Permeable_Pavement,0
Vegetation_s2818,Vegetation,Rain_Garden,0
Street_s2819,Street,Permeable_Pavement,0
Vegetation_s2820,Vegetation,Rain_Garden,1
Vegetation_s2821,Vegetation,Rain_Garden,1
Street_s2822,Street,Permeable_Pavement,1
Roof_s2823,Roof,Green_Roof,0
Street_s2832,Street,Permeable_Pavement,0
Street_s2838,Street,Permeable_Pavement,1
Vegetation_s2839,Vegetation,Rain_Garden,0
Vegetation_s2840,Vegetation,Rain_Garden,1
Roof_s2841,Roof,Green_Roof,1
Vegetation_s2877,Vegetation,Rain_Garden,1
Roof_s2878,Roof,Green_Roof,1
Vegetation_s2879,Vegetation,Rain_Garden,1
Street_s2880,Street,Permeable_Pavement,1
Street_s2881,Street,Permeable_Pavement,0
Roof_s2882,Roof,Green_Roof,0
Roof_s2891,Roof,Green_Roof,0
Street_s2892,Street,Permeable_Pavement,1
Street_s2893,Street,Permeable_Pavement,1
Vegetation_s2894,Vegetation,Rain_Garden,0
Street_s2895,Street,Permeable_Pavement,0
Roof_s2896,Roof,Green_Roof,0
Street_s2905,Street,Permeable_Pavement,0
Street_s2911,Street,Permeable_Pavement,1
Street_s2912,Street,Permeable_Pavement,0
Street_s2913,Street,Permeable_Pavement,1
Vegetation_s2914,Vegetation,Rain_Garden,0
Vegetation_s2915,Vegetation,Rain_Garden,1
Vegetation_s2916,Vegetation,Rain_Garden,1
Vegetation_s2947,Vegetation,Rain_Garden,0
Vegetation_s2949,Vegetation,Rain_Garden,0
Vegetation_s2952,Vegetation,Rain_Garden,1
Street_s2953,Street,Permeable_Pavement,1
Street_s2954,Street,Permeable_Pavement,0
Roof_s2955,Roof,Green_Roof,1
Street_s2965,Street,Permeable_Pavement,1
Street_s2966,Street,Permeable_Pavement,0
Vegetation_s2967,Vegetation,Rain_Garden,0
Street_s2968,Street,Permeable_Pavement,0
Roof_s2969,Roof,Green_Roof,1
Street_s2978,Street,Permeable_Pavement,1
Roof_s2983,Roof,Green_Roof,1
Roof_s2984,Roof,Green_Roof,1
Street_s2985,Street,Permeable_Pavement,1
Street_s2986,Street,Permeable_Pavement,1
Street_s2987,Street,Permeable_Pavement,1
Street_s2988,Street,Permeable_Pavement,1
Street_s2989,Street,Permeable_Pavement,0
Vegetation_s3020,Vegetation,Rain_Garden,0
Vegetation_s3021,Vegetation,Rain_Garden,1
Vegetation_s3025,Vegetation,Rain_Garden,0
Street_s3026,Street,Permeable_Pavement,1
Street_s3027,Street,Permeable_Pavement,1
Roof_s3028,Roof,Green_Roof,1
Street_s3038,Street,Permeable_Pavement,1
Street_s3039,Street,Permeable_Pavement,0
Vegetation_s3040,Vegetation,Rain_Garden,1
Street_s3041,Street,Permeable_Pavement,0
Street_s3051,Street,Permeable_Pavement,1
Roof_s3056,Roof,Green_Roof,1
Roof_s3057,Roof,Green_Roof,1
Sand_Gravel_s3058,Sand_Gravel,Infiltration_Trenches,1
Street_s3059,Street,Permeable_Pavement,0
Street_s3060,Street,Permeable_Pavement,0
Street_s3061,Street,Permeable_Pavement,0
Vegetation_s3062,Vegetation,Rain_Garden,0
Roof_s3093,Roof,Green_Roof,1
Stone_Paver_s3094,Stone_Paver,Permeable_Pavement,0
Vegetation_s3095,Vegetation,Rain_Garden,0
Vegetation_s3098,Vegetation,Rain_Garden,0
Street_s3099,Street,Permeable_Pavement,1
Street_s3100,Street,Permeable_Pavement,1
Vegetation_s3111,Vegetation,Rain_Garden,1
Street_s3112,Street,Permeable_Pavement,0
Vegetation_s3113,Vegetation,Rain_Garden,1
Street_s3114,Street,Permeable_Pavement,0
Street_s3124,Street,Permeable_Pavement,0
Roof_s3130,Roof,Green_Roof,0
Street_s3131,Street,Permeable_Pavement,0
Street_s3132,Street,Permeable_Pavement,0
Sand_Gravel_s3133,Sand_Gravel,Infiltration_Trenches,0
Street_s3134,Street,Permeable_Pavement,0
Street_s3168,Street,Permeable_Pavement,1
Vegetation_s3169,Vegetation,Rain_Garden,1
Vegetation_s3171,Vegetation,Rain_Garden,0
Vegetation_s3172,Vegetation,Rain_Garden,1
Street_s3173,Street,Permeable_Pavement,0
Vegetation_s3181,Vegetation,Rain_Garden,0
Vegetation_s3183,Vegetation,Rain_Garden,1
Street_s3184,Street,Permeable_Pavement,1
Vegetation_s3186,Vegetation,Rain_Garden,0
Street_s3187,Street,Permeable_Pavement,1
Street_s3197,Street,Permeable_Pavement,1
Street_s3203,Street,Permeable_Pavement,1
Street_s3204,Street,Permeable_Pavement,1
Sand_Gravel_s3205,Sand_Gravel,Infiltration_Trenches,1
Street_s3241,Street,Permeable_Pavement,0
Vegetation_s3242,Vegetation,Rain_Garden,1
Roof_s3244,Roof,Green_Roof,0
Roof_s3245,Roof,Green_Roof,1
Street_s3246,Street,Permeable_Pavement,0
Roof_s3254,Roof,Green_Roof,1
Vegetation_s3255,Vegetation,Rain_Garden,0
Street_s3256,Street,Permeable_Pavement,1
Vegetation_s3259,Vegetation,Rain_Garden,0
Street_s3260,Street,Permeable_Pavement,1
Roof_s3261,Roof,Green_Roof,0
Street_s3270,Street,Permeable_Pavement,1
Street_s3271,Street,Permeable_Pavement,0
Street_s3277,Street,Permeable_Pavement,0
Sand_Gravel_s3278,Sand_Gravel,Infiltration_Trenches,0
Sand_Gravel_s3279,Sand_Gravel,Infiltration_Trenches,1
Stone_Paver_s3315,Stone_Paver,Permeable_Pavement,0
Vegetation_s3319,Vegetation,Rain_Garden,0
Street_s3320,Street,Permeable_Pavement,0
Roof_s3327,Roof,Green_Roof,0
Street_s3328,Street,Permeable_Pavement,0
Street_s3333,Street,Permeable_Pavement,0
Roof_s3334,Roof,Green_Roof,1
Street_s3343,Street,Permeable_Pavement,0
Street_s3344,Street,Permeable_Pavement,0
Street_s3350,Street,Permeable_Pavement,1
Street_s3351,Street,Permeable_Pavement,0
Street_s3352,Street,Permeable_Pavement,0
Street_s3394,Street,Permeable_Pavement,0
Roof_s3399,Roof,Green_Roof,1
Vegetation_s3400,Vegetation,Rain_Garden,1
Street_s3401,Street,Permeable_Pavement,0
Street_s3417,Street,Permeable_Pavement,1
Roof_s3423,Roof,Green_Roof,0
Street_s3424,Street,Permeable_Pavement,1
Street_s3425,Street,Permeable_Pavement,1
Vegetation_s3466,Vegetation,Rain_Garden,1
Street_s3467,Street,Permeable_Pavement,0
Street_s3468,Street,Permeable_Pavement,1
Street_s3469,Street,Permeable_Pavement,1
Vegetation_s3471,Vegetation,Rain_Garden,1
Vegetation_s3472,Vegetation,Rain_Garden,1
Street_s3473,Street,Permeable_Pavement,0
Street_s3490,Street,Permeable_Pavement,0
Stone_Paver_s3539,Stone_Paver,Permeable_Pavement,0
Vegetation_s3540,Vegetation,Rain_Garden,1
Vegetation_s3541,Vegetation,Rain_Garden,0
Street_s3542,Street,Permeable_Pavement,1
Street_s3543,Street,Permeable_Pavement,1
Vegetation_s3544,Vegetation,Rain_Garden,1
Street_s3545,Street,Permeable_Pavement,0
Vegetation_s3546,Vegetation,Rain_Garden,0
Vegetation_s3562,Vegetation,Rain_Garden,1
Street_s3563,Street,Permeable_Pavement,1
Roof_s3613,Roof,Green_Roof,1
Street_s3618,Street,Permeable_Pavement,0
Vegetation_s3619,Vegetation,Rain_Garden,1
Vegetation_s3620,Vegetation,Rain_Garden,0
Vegetation_s3635,Vegetation,Rain_Garden,0
Street_s3636,Street,Permeable_Pavement,0
Street_s3691,Street,Permeable_Pavement,0
Street_s3692,Street,Permeable_Pavement,1
Vegetation_s3693,Vegetation,Rain_Garden,1
Vegetation_s3708,Vegetation,Rain_Garden,1
Street_s3709,Street,Permeable_Pavement,0
Street_s3766,Street,Permeable_Pavement,0
Vegetation_s3767,Vegetation,Rain_Garden,1
Vegetation_s3768,Vegetation,Rain_Garden,0
Vegetation_s3781,Vegetation,Rain_Garden,1
Street_s3782,Street,Permeable_Pavement,1
Street_s3840,Street,Permeable_Pavement,0
Vegetation_s3841,Vegetation,Rain_Garden,0
Roof_s3854,Roof,Green_Roof,1
Street_s3855,Street,Permeable_Pavement,0
Street_s3856,Street,Permeable_Pavement,0
Street_s3913,Street,Permeable_Pavement,0
Street_s3914,Street,Permeable_Pavement,1
Street_s3928,Street,Permeable_Pavement,1
Vegetation_s3929,Vegetation,Rain_Garden,1
Vegetation_s3930,Vegetation,Rain_Garden,1
Street_s3986,Street,Permeable_Pavement,0
Street_s3987,Street,Permeable_Pavement,1
Street_s3988,Street,Permeable_Pavement,0
Street_s3989,Street,Permeable_Pavement,1
Street_s4000,Street,Permeable_Pavement,1
Street_s4001,Street,Permeable_Pavement,1
Vegetation_s4002,Vegetation,Rain_Garden,1
Street_s4062,Street,Permeable_Pavement,1
Street_s4063,Street,Permeable_Pavement,0
Street_s4073,Street,Permeable_Pavement,0
Street_s4074,Street,Permeable_Pavement,1
Vegetation_s4075,Vegetation,Rain_Garden,0
Street_s4076,Street,Permeable_Pavement,1
Street_s4136,Street,Permeable_Pavement,1
Street_s4137,Street,Permeable_Pavement,0
Street_s4145,Street,Permeable_Pavement,0
Street_s4146,Street,Permeable_Pavement,1
Vegetation_s4147,Vegetation,Rain_Garden,1
Street_s4148,Street,Permeable_Pavement,1
Street_s4211,Street,Permeable_Pavement,0
Street_s4212,Street,Permeable_Pavement,0
Vegetation_s4213,Vegetation,Rain_Garden,1
Street_s4217,Street,Permeable_Pavement,0
Street_s4218,Street,Permeable_Pavement,0
Vegetation_s4219,Vegetation,Rain_Garden,0
Street_s4220,Street,Permeable_Pavement,0
Street_s4285,Street,Permeable_Pavement,1
Street_s4286,Street,Permeable_Pavement,1
Street_s4289,Street,Permeable_Pavement,1
Street_s4290,Street,Permeable_Pavement,1
Vegetation_s4291,Vegetation,Rain_Garden,0
Street_s4292,Street,Permeable_Pavement,0
Street_s4359,Street,Permeable_Pavement,0
Street_s4360,Street,Permeable_Pavement,0
Street_s4361,Street,Permeable_Pavement,0
Street_s4362,Street,Permeable_Pavement,0
Vegetation_s4363,Vegetation,Rain_Garden,1
Street_s4364,Street,Permeable_Pavement,0
Street_s4433,Street,Permeable_Pavement,0
Street_s4436,Street,Permeable_Pavement,1
